IP Location,IP
United States of America,546
China,135
Germany,99
France,81
United Kingdom of Great Britain and Northern Ireland,64
India,57
Russian Federation,40
Canada,38
Netherlands (Kingdom of the),33
Poland,29
Spain,28
New Zealand,28
Ukraine,26
Brazil,24
Australia,23
Italy,22
Sweden,19
Japan,18
Belgium,15
United States,14
Finland,14
Austria,13
Singapore,13
Indonesia,12
Mexico,11
Romania,11
Czechia,10
Switzerland,10
Greece,9
Denmark,8
Thailand,8
Israel,8
Iran (Islamic Republic of),7
Hungary,7
Argentina,7
Turkiye,7
Slovenia,6
Taiwan (Province of China),6
Malaysia,6
Ireland,6
Estonia,6
Venezuela (Bolivarian Republic of),6
Korea (the Republic of),5
Moldova (the Republic of),5
United Kingdom,5
Hong Kong,5
Norway,5
Croatia,5
Serbia,5
Morocco,5
Saudi Arabia,4
Slovakia,4
Viet Nam,4
Colombia,4
Chile,4
Bulgaria,4
Philippines,4
Algeria,3
South Africa,3
Latvia,3
Kazakhstan,3
Iraq,3
Guatemala,3
Netherlands,3
United Arab Emirates,3
Portugal,3
Sudan,2
Syrian Arab Republic,2
Russia,2
-,2
Peru,2
Mozambique,2
Bangladesh,2
Belarus,2
Cambodia,2
Honduras,2
Lebanon,2
Kenya,2
Lithuania,2
Myanmar,2
El Salvador,1
Azerbaijan,1
Pakistan,1
Oman,1
Belize,1
Bosnia and Herzegovina,1
North Macedonia,1
Cook Islands,1
Egypt,1
Trinidad and Tobago,1
Seychelles,1
Montenegro,1
Georgia,1
Ghana,1
Rwanda,1
Qatar,1
Kuwait,1
Libya,1
Luxembourg,1
Malta,1
"Tanzania, the United Republic of",1
